

insert into user (user_id, address, city, company, first_name, last_name, phone_no, state, zip_code) values (1, 'Terra', 'Plomer', 'Cogibox', '2 Carioca Place', 'Pennsylvania', 'Wilkes Barre', '18706', '570-301-3449');
insert into user (user_id, First_Name, Last_Name, Company, Address, State, City, Zip_Code, Phone_No) values (2, 'Lemar', 'Marages', 'Youtags', '8 Pepper Wood Circle', 'Georgia', 'Cumming', '30130', '706-355-6655');
insert into user (user_id, First_Name, Last_Name, Company, Address, State, City, Zip_Code, Phone_No) values (3, 'Nathalie', 'Nazareth', 'Jabbersphere', '7794 Gulseth Road', 'Texas', 'Houston', '77218', '713-584-3938');
insert into user (user_id, First_Name, Last_Name, Company, Address, State, City, Zip_Code, Phone_No) values (4, 'Udell', 'Swancott', 'Pixonyx', '13 Roth Road', 'Arizona', 'Tucson', '85732', '520-725-7542');
insert into user (user_id, First_Name, Last_Name, Company, Address, State, City, Zip_Code, Phone_No) values (5, 'Rosalinde', 'Statefield', 'Realbridge', '994 Dorton Place', 'Kansas', 'Wichita', '67215', '316-158-1975');

use Stym2;
insert into user (user_id, First_Name, Last_Name, Company, Address, State, City, Zip_Code, Phone_No) values (6, 'Rick', 'McMearty', 'Photofeed', '6816 Larry Park', 'Kentucky', 'Louisville', '40220', '502-175-6107');

select * from user 










insert into User (UserId, FirstName, LastName, Company, Address, State, City, ZipCode, PhoneNo) values (7, 'Gabi', 'Manton', 'Chatterbridge', '481 Warbler Pass', 'Michigan', 'Midland', '48670', '989-462-3920');
insert into User (UserId, FirstName, LastName, Company, Address, State, City, ZipCode, PhoneNo) values (8, 'Brynna', 'Edland', 'Browsebug', '1 Messerschmidt Way', 'Virginia', 'Norfolk', '23520', '757-318-5802');
insert into User (UserId, FirstName, LastName, Company, Address, State, City, ZipCode, PhoneNo) values (9, 'Nissy', 'Raveau', 'Divavu', '97 Clarendon Way', 'Oklahoma', 'Oklahoma City', '73197', '405-383-0413');
insert into User (UserId, FirstName, LastName, Company, Address, State, City, ZipCode, PhoneNo) values (10, 'Jeannine', 'Geldeford', 'Photojam', '1 Myrtle Alley', 'Michigan', 'Lansing', '48930', '517-879-9328');
insert into User (UserId, FirstName, LastName, Company, Address, State, City, ZipCode, PhoneNo) values (11, 'Morrie', 'Medland', 'Fiveclub', '2 Macpherson Point', 'Iowa', 'Des Moines', '50936', '515-669-1826');
insert into User (UserId, FirstName, LastName, Company, Address, State, City, ZipCode, PhoneNo) values (12, 'Gina', 'Dumper', 'Dazzlesphere', '424 Kinsman Street', 'California', 'San Francisco', '94169', '415-767-6178');
insert into User (UserId, FirstName, LastName, Company, Address, State, City, ZipCode, PhoneNo) values (13, 'Tildie', 'Ashborne', 'Voonte', '4673 Melby Parkway', 'South Carolina', 'Myrtle Beach', '29579', '843-996-0780');
insert into User (UserId, FirstName, LastName, Company, Address, State, City, ZipCode, PhoneNo) values (14, 'Marylinda', 'Kightly', 'Zoonder', '94 Scott Street', 'Florida', 'Fort Myers', '33994', '239-456-2632');
insert into User (UserId, FirstName, LastName, Company, Address, State, City, ZipCode, PhoneNo) values (15, 'Halley', 'Calbert', 'Blogspan', '19 Browning Plaza', 'Louisiana', 'Lafayette', '70593', '337-840-6274');
insert into User (UserId, FirstName, LastName, Company, Address, State, City, ZipCode, PhoneNo) values (16, 'Heidie', 'Kinnier', 'Quamba', '767 Bluejay Avenue', 'South Carolina', 'Columbia', '29215', '803-571-2849');
insert into User (UserId, FirstName, LastName, Company, Address, State, City, ZipCode, PhoneNo) values (17, 'Angelle', 'Haines', 'Zoombox', '4457 6th Plaza', 'Texas', 'Houston', '77090', '713-898-6522');
insert into User (UserId, FirstName, LastName, Company, Address, State, City, ZipCode, PhoneNo) values (18, 'Rubin', 'Cozens', 'Cogilith', '3790 Carpenter Road', 'Tennessee', 'Murfreesboro', '37131', '615-743-3882');
insert into User (UserId, FirstName, LastName, Company, Address, State, City, ZipCode, PhoneNo) values (19, 'Vilhelmina', 'Creser', 'Shuffletag', '265 Merry Street', 'California', 'San Diego', '92121', '858-935-1681');
insert into User (UserId, FirstName, LastName, Company, Address, State, City, ZipCode, PhoneNo) values (20, 'Milton', 'Ticic', 'Dabshots', '403 Gale Place', 'Alabama', 'Birmingham', '35220', '205-293-0760');

   


use Stym2;

insert into Account (user_id, Username, Password, Email, Category) values (1, 'dfildery1', '7myZvAL14e', 'vdougal1@cbc.ca', 'creator');
insert into Account (user_id, Username, Password, Email, Category) values (2, 'zberrill2', 'YSvSoftt', 'rcolgrave2@hp.com', 'creator');
insert into Account (user_id, Username, Password, Email, Category) values (3, 'eslainey3', 'CbCKLgXyoB', 'gswetmore3@dailymail.co.uk', 'client');
insert into Account (user_id, Username, Password, Email, Category) values (4, 'kjossel4', 'CdjXPZye', 'bgellately4@umich.edu', 'client');
insert into Account (user_id, Username, Password, Email, Category) values (5, 'bhysom5', 'mhYNpl4', 'tdossantos5@examiner.com', 'creator');
insert into Account (user_id, Username, Password, Email, Category) values (6, 'wdeluna6', 'Ynxo5JFYu6', 'smooreed6@dagondesign.com', 'client');

select * from Account


insert into Account (UserId, Username, Password, Email, Category) values (11, 'mwaterland7', 'Zygys6lw53', 'cmarcq7@example.com', 'client');
insert into Account (UserId, Username, Password, Email, Category) values (15, 'rfouch8', 'h4VSFClc', 'achillcot8@dion.ne.jp', 'client');
insert into Account (UserId, Username, Password, Email, Category) values (13, 'kfranzonello9', 'oZnuUrvV', 'jaslin9@china.com.cn', 'creator');
insert into Account (UserId, Username, Password, Email, Category) values (12, 'cemmerta', 'ateLdJvJP', 'vlamplugha@noaa.gov', 'client');
insert into Account (UserId, Username, Password, Email, Category) values (3, 'rwalkdenb', 'Lp2MvvNSp', 'mjohanssenb@google.com.hk', 'client');
insert into Account (UserId, Username, Password, Email, Category) values (5, 'btaylotc', 't2XHuWysydEz', 'mmacskeaganc@wikipedia.org', 'creator');
insert into Account (UserId, Username, Password, Email, Category) values (18, 'hprendivilled', 'gKyh3S', 'adebrettd@engadget.com', 'creator');
insert into Account (UserId, Username, Password, Email, Category) values (10, 'igrestiee', 'zEwCycYbScw', 'fcockliee@sitemeter.com', 'creator');
insert into Account (UserId, Username, Password, Email, Category) values (8, 'mballinghallf', '8ykyctTqc', 'agranvillef@reuters.com', 'client');
insert into Account (UserId, Username, Password, Email, Category) values (6, 'apayg', 'POYdhDKW', 'dmaccreeg@chicagotribune.com', 'creator');
insert into Account (UserId, Username, Password, Email, Category) values (17, 'cpickersgillh', 'x14jyaFY5', 'cvasileh@skype.com', 'client');
insert into Account (UserId, Username, Password, Email, Category) values (20, 'rterrellyi', 'hr7Z0Z3', 'mbrigdalei@alexa.com', 'client');
insert into Account (UserId, Username, Password, Email, Category) values (16, 'rallnerj', 'ElCUiV', 'cdawidowitzj@china.com.cn', 'client');

use Stym2;
insert into Library (library_id, Name, creation_Date, last_accessDate, Accountid) values (1, 'Subin', '2021-03-22', '2021-03-18', 1);
insert into Library (library_id, Name, creation_Date, last_accessDate, Accountid) values (2, 'Opela', '2020-12-22', '2021-01-27', 2);
insert into Library (library_id, Name, creation_Date, last_accessDate, Accountid) values (3, 'Tampflex', '2020-09-17', '2021-02-08', 3);
insert into Library (library_id, Name, creation_Date, last_accessDate, Accountid) values (4, 'Zathin', '2021-06-18', '2021-04-26', 4);
insert into Library (library_id, Name, creation_Date, last_accessDate, Accountid) values (5, 'Voltsillam', '2021-05-21', '2021-07-08', 5);
insert into Library (library_id, Name, creation_Date, last_accessDate, Accountid) values (6, 'Bitchip', '2021-03-03', '2021-05-22', 6);



select * from Stym2.Library;


insert into Library (library_id, Name, creation_Date, last_accessDate, Accountid) values (7, 'Holdlamis', '2020-11-10', '2021-03-09', 4);
insert into Library (library_id, Name, creation_Date, last_accessDate, Accountid) values (8, 'Andalax', '2020-10-29', '2020-09-05', 3);
insert into Library (library_id, Name, creation_Date, last_accessDate, Accountid) values (9, 'Regrant', '2021-04-08', '2020-11-05', 19);
insert into Library (library_id, Name, creation_Date, last_accessDate, Accountid) values (10, 'Voyatouch', '2021-04-18', '2021-03-13', 3);


use Stym2;
insert into MP3_Demo (mp3Id, Name, CreationDate, mp3, account_id) values (1, 'Morbi.tiff', '2020-09-05', 'image/tiff', 1);
insert into MP3_Demo (mp3Id, Name, CreationDate, mp3, account_id) values (2, 'LiberoRutrum.ppt', '2020-11-18', 'application/vnd.ms-powerpoint', 2);
insert into MP3_Demo (mp3Id, Name, CreationDate, mp3, account_id) values (3, 'AnteNulla.ppt', '2021-07-26', 'application/mspowerpoint', 3);
insert into MP3_Demo (mp3Id, Name, CreationDate, mp3, account_id) values (4, 'Pede.txt', '2020-09-24', 'text/plain', 4);
insert into MP3_Demo (mp3Id, Name, CreationDate, mp3, account_id) values (5, 'NullaNuncPurus.xls', '2021-02-04', 'application/x-msexcel', 5);
insert into MP3_Demo (mp3Id, Name, CreationDate, mp3, account_id) values (6, 'Lacinia.xls', '2020-11-17', 'application/x-excel', 6);

select * from Stym.MP3_Demo;

use Stym2;
insert into Stem_Folder (Stem_Id, Name, Creation_Date, Stem, Art_Work, Description) values (1, 'Regrant', '2021-02-28', 'application/msword', 'http://dummyimage.com/112x100.png/cc0000/ffffff', 'Fusion >7 T Jt w Synth Sub, Ant Appr A Col, Perc Endo');
insert into Stem_Folder (Stem_Id, Name, Creation_Date, Stem, Art_Work, Description) values (2, 'Fix San', '2021-02-26', 'application/pdf', 'http://dummyimage.com/154x100.png/dddddd/000000', 'Revision of Synthetic Substitute in Urethra, Perc Approach');
insert into Stem_Folder (Stem_Id, Name, Creation_Date, Stem, Art_Work, Description) values (3, 'Greenlam', '2020-09-16', 'image/pjpeg', 'http://dummyimage.com/169x100.png/5fa2dd/ffffff', 'Removal of Implant Heart Assist from Heart, Perc Approach');
insert into Stem_Folder (Stem_Id, Name, Creation_Date, Stem, Art_Work, Description) values (4, 'Cookley', '2021-02-06', 'application/x-msexcel', 'http://dummyimage.com/131x100.png/cc0000/ffffff', 'Dilate of L Temporal Art with 4+ Intralum Dev, Open Approach');
insert into Stem_Folder (Stem_Id, Name, Creation_Date, Stem, Art_Work, Description) values (5, 'Cardify', '2021-03-27', 'application/x-troff-msvideo', 'http://dummyimage.com/177x100.png/dddddd/000000', 'Excision of Lower Esophagus, Percutaneous Approach, Diagn');
insert into Stem_Folder (Stem_Id, Name, Creation_Date, Stem, Art_Work, Description) values (6, 'Lotlux', '2021-08-12', 'application/mspowerpoint', 'http://dummyimage.com/119x100.png/cc0000/ffffff', 'Fusion 2-7 T Jt w Nonaut Sub, Ant Appr A Col, Open');
insert into Stem_Folder (Stem_Id, Name, Creation_Date, Stem, Art_Work, Description) values (7, 'Zaam-Dox', '2020-10-16', 'application/powerpoint', 'http://dummyimage.com/164x100.png/dddddd/000000', 'Occlusion of Rectum with Intraluminal Device, Perc Approach');
insert into Stem_Folder (Stem_Id, Name, Creation_Date, Stem, Art_Work, Description) values (8, 'Regrant', '2021-07-27', 'application/msword', 'http://dummyimage.com/187x100.png/cc0000/ffffff', 'Revision of Nonaut Sub in Vas Deferens, Endo');
insert into Stem_Folder (Stem_Id, Name, Creation_Date, Stem, Art_Work, Description) values (9, 'Viva', '2021-06-05', 'video/x-msvideo', 'http://dummyimage.com/201x100.png/cc0000/ffffff', 'Drainage of Left Shoulder Tendon, Open Approach');
insert into Stem_Folder (Stem_Id, Name, Creation_Date, Stem, Art_Work, Description) values (10, 'Zoolab', '2021-06-30', 'image/jpeg', 'http://dummyimage.com/184x100.png/cc0000/ffffff', 'Change Splint on Right Thumb');

insert into Stem_MP3 (Stem_MP3Id, Mp3Id, StemId, libraryId) values (1, 3, 1, 1);
insert into Stem_MP3 (Stem_MP3Id, Mp3Id, StemId, libraryId) values (2, 1, 2, 10);
insert into Stem_MP3 (Stem_MP3Id, Mp3Id, StemId, libraryId) values (3, 6, 8, 3);
insert into Stem_MP3 (Stem_MP3Id, Mp3Id, StemId, libraryId) values (4, 4, 4, 4);
insert into Stem_MP3 (Stem_MP3Id, Mp3Id, StemId, libraryId) values (5, 5, 3, 2);



insert into Stem_MP3 (Stem_MP3Id, StemId, libraryId) values (6, 5, 5);
insert into Stem_MP3 (Stem_MP3Id, StemId, libraryId) values (7, 9, 9);
insert into Stem_MP3 (Stem_MP3Id, Mp3Id, StemId, libraryId) values (8, 2, 6, 6);
insert into Stem_MP3 (Stem_MP3Id, StemId, libraryId) values (9, 10, 8);
insert into Stem_MP3 (Stem_MP3Id, StemId, libraryId) values (10, 7, 7);

select * from Stym.Stem_MP3;

select * from Stym2.stem_folder;

alter table stem_folder drop column stem_id;

alter table stem_folder drop column art_work;
alter table stem_folder drop column creation_date;
alter table stem_folder drop column numberof_tracks;

 
alter table Stym.library drop column first_name;
alter table user drop column last_name;
alter table user drop column phone_no;
alter table user drop column zip_code;
alter table user drop column user_id;
alter table user drop column user_id;

alter table Stym.library drop column library_id;
alter table Stym.library drop column creation_date;
alter table Stym.library drop column last_accessdate;

select * from Stym.stem_mp3;

alter table stem_mp3 drop column library_id;
alter table stem_mp3 drop column stem_id;

select * from Stym.library;

